{"cameraMode":{"drawMode":0,"name":"Shaded","section":"Shading Mode"},"sceneLighting":true,"audioPlay":false,"sceneViewState":{"m_AlwaysRefresh":false,"showFog":true,"showSkybox":true,"showFlares":true,"showImageEffects":true,"showParticleSystems":true,"showVisualEffectGraphs":true,"m_FxEnabled":true},"in2DMode":false,"pivot":{"x":-4.722113609313965,"y":-1.4300602674484254,"z":2.602116823196411},"rotation":{"x":0.007709784898906946,"y":-0.8503073453903198,"z":0.01252695918083191,"w":0.526141881942749},"size":24.215898513793947,"orthographic":true}